7: Kazalniki bolniškega staleža po spolu in starosti, Slovenija, letno po spremenljivkah: Leto, Spol, Starost in Kazalnik;;;;;;;;
;;;;;;;;
;;;Primeri;Koledarski dnevi;Odstotek BS (% BS);Izgubljeni koledarski dnevi na zaposlenega (IO);Število primerov na 100 zaposlenih (IF);Povpre?no trajanje ene odsotnosti (R)
2000;Spol - SKUPAJ;Starost-SKUPAJ;754738;13487977;5;17;95;18
;;15 do 19 let;3933;40146;2;7;66;10
;;20 do 24 let;56672;774785;3;13;91;14
;;25 do 29 let;112913;1575288;4;14;102;14
;;30 do 34 let;141867;1863133;4;15;114;13
;;35 do 39 let;132661;1962049;4;15;100;15
;;40 do 44 let;114348;2145777;5;17;88;19
;;45 do 49 let;105344;2488926;6;20;86;24
;;50 do 54 let;65366;1837973;7;24;85;28
;;55 do 59 let;18542;672918;8;29;79;36
;;60 do 64 let;2361;111290;7;27;57;47
;;65 do 69 let;173;7860;5;17;37;45
;;70 in ve? let;66;1433;4;16;73;22
;;Neznano;492;6399;-;-;-;-
;Moški;Starost-SKUPAJ;332789;6555385;4;15;77;20
;;15 do 19 let;2648;26727;2;7;69;10
;;20 do 24 let;31550;397364;3;11;88;13
;;25 do 29 let;46547;648516;3;11;80;14
;;30 do 34 let;51977;730442;3;12;82;14
;;35 do 39 let;52066;883263;4;13;77;17
;;40 do 44 let;48705;979343;4;15;72;20
;;45 do 49 let;47174;1192422;5;18;72;25
;;50 do 54 let;35429;1044814;6;22;73;30
;;55 do 59 let;14196;537894;8;28;74;38
;;60 do 64 let;2113;102516;7;27;56;49
;;65 do 69 let;137;7357;5;18;33;54
;;70 in ve? let;41;1158;5;18;62;28
;;Neznano;206;3569;-;-;-;-
;Ženske;Starost-SKUPAJ;421949;6932592;5;19;118;16
;;15 do 19 let;1285;13419;2;6;60;10
;;20 do 24 let;25122;377421;4;14;96;15
;;25 do 29 let;66366;926772;5;18;125;14
;;30 do 34 let;89890;1132691;5;19;149;13
;;35 do 39 let;80595;1078786;5;17;125;13
;;40 do 44 let;65643;1166434;5;19;105;18
;;45 do 49 let;58170;1296504;6;23;103;22
;;50 do 54 let;29937;793159;8;28;106;27
;;55 do 59 let;4346;135024;9;32;102;31
;;60 do 64 let;248;8774;6;22;62;35
;;65 do 69 let;36;503;3;9;66;14
;;70 in ve? let;25;275;3;12;104;11
;;Neznano;286;2830;-;-;-;-
2001;Spol - SKUPAJ;Starost-SKUPAJ;740775;13332358;5;17;93;18
;;15 do 19 let;3270;32332;2;7;73;10
;;20 do 24 let;53228;741841;4;13;95;14
;;25 do 29 let;109528;1522258;4;14;99;14
;;30 do 34 let;136938;1800289;4;15;113;13
;;35 do 39 let;132939;1910635;4;14;100;14
;;40 do 44 let;111054;2085199;4;16;86;19
;;45 do 49 let;101800;2452786;5;20;82;24
;;50 do 54 let;68388;1932574;6;23;82;28
;;55 do 59 let;20427;721289;7;27;77;35
;;60 do 64 let;2578;118464;7;25;54;46
;;65 do 69 let;147;6133;3;12;29;42
;;70 in ve? let;24;1411;4;14;24;59
;;Neznano;454;7147;-;-;-;-
;Moški;Starost-SKUPAJ;322434;6483956;4;15;74;20
;;15 do 19 let;2324;22655;2;8;78;10
;;20 do 24 let;30256;402149;3;12;92;13
;;25 do 29 let;44646;626218;3;11;77;14
;;30 do 34 let;49916;724402;3;12;80;15
;;35 do 39 let;50403;829208;3;12;74;17
;;40 do 44 let;46126;947028;4;14;69;21
;;45 do 49 let;44751;1133698;5;17;67;25
;;50 do 54 let;35786;1103234;6;22;70;31
;;55 do 59 let;15570;576134;7;27;72;37
;;60 do 64 let;2312;109981;7;26;54;48
;;65 do 69 let;116;5210;3;12;26;45
;;70 in ve? let;17;1206;4;15;22;71
;;Neznano;211;2833;-;-;-;-
;Ženske;Starost-SKUPAJ;418341;6848402;5;19;117;16
;;15 do 19 let;946;9677;2;7;64;10
;;20 do 24 let;22972;339692;4;15;100;15
;;25 do 29 let;64882;896040;5;17;124;14
;;30 do 34 let;87022;1075887;5;18;149;12
;;35 do 39 let;82536;1081427;5;17;128;13
;;40 do 44 let;64928;1138171;5;18;105;18
;;45 do 49 let;57049;1319088;6;23;99;23
;;50 do 54 let;32602;829340;7;26;102;25
;;55 do 59 let;4857;145155;8;29;95;30
;;60 do 64 let;266;8483;5;18;55;32
;;65 do 69 let;31;923;4;15;49;30
;;70 in ve? let;7;205;2;9;30;29
;;Neznano;243;4314;-;-;-;-
2002;Spol - SKUPAJ;Starost-SKUPAJ;731126;13577551;5;17;92;19
;;15 do 19 let;2523;27044;2;7;66;11
;;20 do 24 let;46340;657569;4;13;91;14
;;25 do 29 let;106040;1551264;4;14;97;15
;;30 do 34 let;132952;1775352;4;15;112;13
;;35 do 39 let;131418;1929636;4;15;100;15
;;40 do 44 let;107939;2035487;4;16;84;19
;;45 do 49 let;101223;2444079;5;20;82;24
;;50 do 54 let;73745;2118130;7;24;83;29
;;55 do 59 let;24023;862729;8;29;80;36
;;60 do 64 let;3115;139102;7;27;60;45
;;65 do 69 let;207;8707;4;16;37;42
;;70 in ve? let;35;882;2;9;34;25
;;Neznano;1566;27570;-;-;-;-
;Moški;Starost-SKUPAJ;320083;6598075;4;15;74;21
;;15 do 19 let;1776;19036;2;7;68;11
;;20 do 24 let;26908;360746;3;12;87;13
;;25 do 29 let;44211;625191;3;11;77;14
;;30 do 34 let;48945;689919;3;11;79;14
;;35 do 39 let;49645;844693;4;13;74;17
;;40 do 44 let;45166;951533;4;14;68;21
;;45 do 49 let;44238;1123410;5;17;67;25
;;50 do 54 let;37466;1162587;6;22;71;31
;;55 do 59 let;17978;668718;8;28;75;37
;;60 do 64 let;2782;128076;8;28;60;46
;;65 do 69 let;154;7443;4;15;32;48
;;70 in ve? let;30;824;3;10;36;28
;;Neznano;784;15899;-;-;-;-
;Ženske;Starost-SKUPAJ;411043;6979476;5;20;115;17
;;15 do 19 let;747;8008;2;7;63;11
;;20 do 24 let;19432;296823;4;15;96;15
;;25 do 29 let;61829;926073;5;18;120;15
;;30 do 34 let;84007;1085433;5;19;148;13
;;35 do 39 let;81773;1084943;5;17;127;13
;;40 do 44 let;62773;1083954;5;18;102;17
;;45 do 49 let;56985;1320669;6;23;98;23
;;50 do 54 let;36279;955543;7;27;101;26
;;55 do 59 let;6045;194011;9;32;98;32
;;60 do 64 let;333;11026;5;19;57;33
;;65 do 69 let;53;1264;5;17;73;24
;;70 in ve? let;5;58;1;3;26;12
;;Neznano;782;11671;-;-;-;-
2003;Spol - SKUPAJ;Starost-SKUPAJ;753580;13931303;5;18;95;19
;;15 do 19 let;2260;25571;2;7;65;11
;;20 do 24 let;44173;626184;4;13;93;14
;;25 do 29 let;108927;1593178;4;15;101;15
;;30 do 34 let;138070;1834853;4;16;116;13
;;35 do 39 let;135263;1951771;4;15;105;14
;;40 do 44 let;111063;2085232;5;16;87;19
;;45 do 49 let;102860;2427735;5;20;84;24
;;50 do 54 let;79483;2306456;7;24;84;29
;;55 do 59 let;27815;927963;8;27;82;33
;;60 do 64 let;3347;142540;7;26;61;43
;;65 do 69 let;210;7560;3;12;34;36
;;70 in ve? let;41;1276;3;11;36;31
;;Neznano;68;984;-;-;-;-
;Moški;Starost-SKUPAJ;328953;6828956;4;16;75;21
;;15 do 19 let;1697;19319;2;8;66;11
;;20 do 24 let;26442;348146;3;12;91;13
;;25 do 29 let;46109;667157;3;12;80;15
;;30 do 34 let;50235;724353;3;12;81;14
;;35 do 39 let;50590;853061;4;13;76;17
;;40 do 44 let;45976;963929;4;15;69;21
;;45 do 49 let;45254;1148503;5;18;70;25
;;50 do 54 let;38960;1243246;6;23;71;32
;;55 do 59 let;20504;720693;7;27;77;35
;;60 do 64 let;2952;132888;8;28;62;45
;;65 do 69 let;166;6380;3;12;31;38
;;70 in ve? let;36;859;3;9;38;24
;;Neznano;32;422;-;-;-;-
;Ženske;Starost-SKUPAJ;424627;7102347;6;20;119;17
;;15 do 19 let;563;6252;2;7;61;11
;;20 do 24 let;17731;278038;4;15;98;16
;;25 do 29 let;62818;926021;5;19;126;15
;;30 do 34 let;87835;1110500;5;20;155;13
;;35 do 39 let;84673;1098710;5;17;134;13
;;40 do 44 let;65087;1121303;5;18;105;17
;;45 do 49 let;57606;1279232;6;22;100;22
;;50 do 54 let;40523;1063210;7;27;103;26
;;55 do 59 let;7311;207270;8;28;100;28
;;60 do 64 let;395;9652;4;14;58;24
;;65 do 69 let;44;1180;4;14;54;27
;;70 in ve? let;5;417;6;22;26;83
;;Neznano;36;562;-;-;-;-
2004;Spol - SKUPAJ;Starost-SKUPAJ;762273;14560366;5;18;93;19
;;15 do 19 let;2469;24957;2;7;73;10
;;20 do 24 let;43796;604350;4;13;95;14
;;25 do 29 let;108195;1576320;4;14;98;15
;;30 do 34 let;137997;1843913;4;15;113;13
;;35 do 39 let;134439;1963827;4;15;103;15
;;40 do 44 let;111666;2083168;4;16;84;19
;;45 do 49 let;102487;2517205;5;20;81;25
;;50 do 54 let;85597;2626974;7;25;82;31
;;55 do 59 let;31867;1143385;8;28;77;36
;;60 do 64 let;3463;166121;8;28;58;48
;;65 do 69 let;254;9087;4;13;37;36
;;70 in ve? let;32;998;2;8;24;31
;;Neznano;11;61;-;-;-;-
;Moški;Starost-SKUPAJ;333959;7171246;4;16;74;22
;;15 do 19 let;1944;19303;2;7;75;10
;;20 do 24 let;26909;347429;3;12;93;13
;;25 do 29 let;46809;660461;3;11;80;14
;;30 do 34 let;51272;735541;3;12;80;14
;;35 do 39 let;50477;867498;4;13;75;17
;;40 do 44 let;45559;942690;4;14;67;21
;;45 do 49 let;44362;1187234;5;18;66;27
;;50 do 54 let;40496;1368124;6;23;69;34
;;55 do 59 let;22920;880547;7;27;71;38
;;60 do 64 let;2985;153944;8;29;56;52
;;65 do 69 let;201;7753;4;13;34;39
;;70 in ve? let;21;695;2;6;19;33
;;Neznano;4;27;-;-;-;-
;Ženske;Starost-SKUPAJ;428314;7389120;6;20;116;17
;;15 do 19 let;525;5654;2;7;67;11
;;20 do 24 let;16887;256921;4;15;99;15
;;25 do 29 let;61386;915859;5;18;120;15
;;30 do 34 let;86725;1108372;5;19;149;13
;;35 do 39 let;83962;1096329;5;17;132;13
;;40 do 44 let;66107;1140478;5;18;103;17
;;45 do 49 let;58125;1329971;6;22;97;23
;;50 do 54 let;45101;1258850;8;28;99;28
;;55 do 59 let;8947;262838;8;30;100;29
;;60 do 64 let;478;12177;5;17;67;26
;;65 do 69 let;53;1334;4;14;55;25
;;70 in ve? let;11;303;4;14;52;28
;;Neznano;7;34;-;-;-;-
2005;Spol - SKUPAJ;Starost-SKUPAJ;789929;14310821;5;17;95;18
;;15 do 19 let;2071;20383;2;6;65;10
;;20 do 24 let;39826;513392;3;12;91;13
;;25 do 29 let;106805;1466488;4;13;97;14
;;30 do 34 let;143628;1810145;4;15;115;13
;;35 do 39 let;137887;1877805;4;15;108;14
;;40 do 44 let;118332;2061968;4;15;88;17
;;45 do 49 let;105786;2431966;5;19;84;23
;;50 do 54 let;92903;2631833;7;24;85;28
;;55 do 59 let;38633;1339680;8;28;81;35
;;60 do 64 let;3736;147816;7;25;62;40
;;65 do 69 let;248;6672;3;9;33;27
;;70 in ve? let;63;2599;5;18;43;41
;;Neznano;11;74;-;-;-;-
;Moški;Starost-SKUPAJ;345233;6994345;4;15;75;20
;;15 do 19 let;1709;16307;2;6;67;10
;;20 do 24 let;25664;307883;3;11;90;12
;;25 do 29 let;46924;626162;3;11;79;13
;;30 do 34 let;52630;705266;3;11;80;13
;;35 do 39 let;51302;814408;3;12;77;16
;;40 do 44 let;48411;940608;4;14;70;19
;;45 do 49 let;45193;1111306;5;17;68;25
;;50 do 54 let;43087;1330607;6;22;72;31
;;55 do 59 let;26954;1003676;8;27;73;37
;;60 do 64 let;3133;131007;7;25;59;42
;;65 do 69 let;181;4900;2;8;29;27
;;70 in ve? let;39;2168;5;17;31;56
;;Neznano;6;47;-;-;-;-
;Ženske;Starost-SKUPAJ;444696;7316476;5;20;120;17
;;15 do 19 let;362;4076;2;7;58;11
;;20 do 24 let;14162;205509;4;14;93;15
;;25 do 29 let;59881;840326;5;17;119;14
;;30 do 34 let;90998;1104879;5;19;155;12
;;35 do 39 let;86585;1063397;5;17;141;12
;;40 do 44 let;69921;1121360;5;17;108;16
;;45 do 49 let;60593;1320660;6;22;101;22
;;50 do 54 let;49816;1301226;7;27;102;26
;;55 do 59 let;11679;336004;8;31;107;29
;;60 do 64 let;603;16809;6;23;83;28
;;65 do 69 let;67;1772;4;15;57;26
;;70 in ve? let;24;431;6;23;126;18
;;Neznano;5;27;-;-;-;-
2006;Spol - SKUPAJ;Starost-SKUPAJ;695288;13026763;4;15;82;19
;;15 do 19 let;2010;20290;2;6;56;10
;;20 do 24 let;35657;467097;3;11;82;13
;;25 do 29 let;93840;1364873;3;12;85;15
;;30 do 34 let;126644;1714943;4;13;99;14
;;35 do 39 let;117081;1629288;4;13;93;14
;;40 do 44 let;104538;1864184;4;14;77;18
;;45 do 49 let;91783;2196397;5;17;72;24
;;50 do 54 let;82596;2355584;6;21;73;29
;;55 do 59 let;36900;1246060;7;24;70;34
;;60 do 64 let;3954;156300;6;22;55;40
;;65 do 69 let;244;9746;3;11;27;40
;;70 in ve? let;27;1924;3;12;17;71
;;Neznano;14;77;-;-;-;-
;Moški;Starost-SKUPAJ;305990;6322063;4;13;65;21
;;15 do 19 let;1631;16594;2;6;56;10
;;20 do 24 let;23634;293716;3;10;81;12
;;25 do 29 let;42257;590888;3;10;70;14
;;30 do 34 let;46737;652638;3;10;69;14
;;35 do 39 let;44075;711238;3;11;66;16
;;40 do 44 let;42505;841812;3;12;60;20
;;45 do 49 let;39036;996802;4;15;58;26
;;50 do 54 let;37675;1161917;5;19;61;31
;;55 do 59 let;24929;906204;6;23;63;36
;;60 do 64 let;3301;140162;6;22;53;43
;;65 do 69 let;181;8463;3;11;24;47
;;70 in ve? let;21;1581;3;11;15;75
;;Neznano;8;48;-;-;-;-
;Ženske;Starost-SKUPAJ;389298;6704700;5;18;104;17
;;15 do 19 let;379;3696;1;5;54;10
;;20 do 24 let;12023;173381;3;12;83;14
;;25 do 29 let;51583;773985;4;16;104;15
;;30 do 34 let;79907;1062305;5;18;133;13
;;35 do 39 let;73006;918050;4;15;121;13
;;40 do 44 let;62033;1022372;4;16;95;17
;;45 do 49 let;52747;1199595;5;20;87;23
;;50 do 54 let;44921;1193667;6;24;88;27
;;55 do 59 let;11971;339856;7;27;94;28
;;60 do 64 let;653;16138;5;18;71;25
;;65 do 69 let;63;1283;2;8;40;20
;;70 in ve? let;6;343;4;16;27;57
;;Neznano;6;29;-;-;-;-
2007;Spol - SKUPAJ;Starost-SKUPAJ;788895;14095263;4;16;90;18
;;15 do 19 let;2352;24390;2;6;60;10
;;20 do 24 let;41074;514777;3;11;87;13
;;25 do 29 let;106452;1468529;4;13;94;14
;;30 do 34 let;147679;1879370;4;14;112;13
;;35 do 39 let;134361;1804151;4;14;105;13
;;40 do 44 let;118113;1967120;4;14;86;17
;;45 do 49 let;99625;2241265;5;17;77;23
;;50 do 54 let;89903;2506220;6;22;77;28
;;55 do 59 let;43741;1475187;7;25;75;34
;;60 do 64 let;5244;202799;6;23;60;39
;;65 do 69 let;304;10248;3;11;31;34
;;70 in ve? let;29;1097;2;6;16;38
;;Neznano;18;110;-;-;-;-
;Moški;Starost-SKUPAJ;339044;6765856;4;14;69;20
;;15 do 19 let;1865;19497;2;6;60;11
;;20 do 24 let;26517;314885;3;10;82;12
;;25 do 29 let;47387;617905;3;10;75;13
;;30 do 34 let;53360;709737;3;10;75;13
;;35 do 39 let;49060;732159;3;11;72;15
;;40 do 44 let;46577;897192;3;13;65;19
;;45 do 49 let;42093;1024716;4;15;61;24
;;50 do 54 let;39527;1202730;5;19;63;30
;;55 do 59 let;28185;1059076;7;25;66;38
;;60 do 64 let;4228;178247;6;24;56;42
;;65 do 69 let;213;8623;3;11;27;41
;;70 in ve? let;23;1038;2;7;15;45
;;Neznano;9;51;-;-;-;-
;Ženske;Starost-SKUPAJ;449851;7329407;5;19;117;16
;;15 do 19 let;487;4893;2;6;61;10
;;20 do 24 let;14557;199892;4;13;97;14
;;25 do 29 let;59065;850624;5;17;117;14
;;30 do 34 let;94319;1169633;5;19;154;12
;;35 do 39 let;85301;1071992;5;18;143;13
;;40 do 44 let;71536;1069928;4;16;109;15
;;45 do 49 let;57532;1216549;5;20;94;21
;;50 do 54 let;50376;1303490;7;25;95;26
;;55 do 59 let;15556;416111;7;27;99;27
;;60 do 64 let;1016;24552;6;21;85;24
;;65 do 69 let;91;1625;2;9;49;18
;;70 in ve? let;6;59;1;2;20;10
;;Neznano;9;59;-;-;-;-
2008;Spol - SKUPAJ;Starost-SKUPAJ;739834;13894657;4;16;83;19
;;15 do 19 let;2032;20105;2;6;58;10
;;20 do 24 let;38393;492381;3;10;81;13
;;25 do 29 let;99787;1367230;3;12;86;14
;;30 do 34 let;141023;1864601;4;14;103;13
;;35 do 39 let;127453;1714428;4;13;98;14
;;40 do 44 let;108259;1911760;4;14;79;18
;;45 do 49 let;92086;2221996;5;17;70;24
;;50 do 54 let;82166;2499614;6;21;70;30
;;55 do 59 let;42735;1547484;7;25;68;36
;;60 do 64 let;5520;237594;6;23;54;43
;;65 do 69 let;332;15303;4;14;30;46
;;70 in ve? let;42;2118;3;9;18;50
;;Neznano;6;43;-;-;-;-
;Moški;Starost-SKUPAJ;313831;6638221;2;9;40;21
;;15 do 19 let;1576;15743;2;6;56;10
;;20 do 24 let;24537;305596;3;9;74;13
;;25 do 29 let;43883;570859;2;9;68;13
;;30 do 34 let;51392;704985;3;10;69;14
;;35 do 39 let;45801;704665;3;10;66;15
;;40 do 44 let;41842;855355;3;12;58;20
;;45 do 49 let;38338;1020340;4;15;55;27
;;50 do 54 let;35380;1196383;5;19;56;34
;;55 do 59 let;26457;1050518;6;23;59;40
;;60 do 64 let;4375;200627;6;23;50;46
;;65 do 69 let;214;11176;3;12;24;52
;;70 in ve? let;33;1941;3;10;17;59
;;Neznano;3;33;-;-;-;-
;Ženske;Starost-SKUPAJ;426003;7256436;5;19;109;17
;;15 do 19 let;456;4362;2;6;65;10
;;20 do 24 let;13856;186785;4;13;96;14
;;25 do 29 let;55904;796371;4;16;111;14
;;30 do 34 let;89631;1159616;5;19;143;13
;;35 do 39 let;81652;1009763;5;17;135;12
;;40 do 44 let;66417;1056405;4;16;101;16
;;45 do 49 let;53748;1201656;5;19;86;22
;;50 do 54 let;46786;1303231;7;24;87;28
;;55 do 59 let;16278;496966;8;28;92;31
;;60 do 64 let;1145;36967;6;23;71;32
;;65 do 69 let;118;4127;5;19;55;35
;;70 in ve? let;9;177;1;5;26;20
;;Neznano;3;10;-;-;-;-
2009;Spol - SKUPAJ;Starost-SKUPAJ;742342;13325384;4;15;85;18
;;15 do 19 let;1158;11722;2;6;57;10
;;20 do 24 let;31109;403369;3;10;80;13
;;25 do 29 let;95699;1271857;3;12;90;13
;;30 do 34 let;147372;1818795;4;14;109;12
;;35 do 39 let;133921;1673032;4;13;104;13
;;40 do 44 let;108867;1828820;4;14;81;17
;;45 do 49 let;91274;2078023;4;16;69;23
;;50 do 54 let;81176;2370016;6;20;69;29
;;55 do 59 let;44942;1572863;7;24;68;35
;;60 do 64 let;6390;281962;7;25;56;44
;;65 do 69 let;358;13465;3;12;31;38
;;70 in ve? let;54;1377;2;5;21;26
;;Neznano;22;83;-;-;-;-
;Moški;Starost-SKUPAJ;306692;6356501;4;13;63;21
;;15 do 19 let;882;8929;2;6;57;10
;;20 do 24 let;19373;244794;3;9;72;13
;;25 do 29 let;41183;532463;3;9;69;13
;;30 do 34 let;53135;684407;3;9;73;13
;;35 do 39 let;47481;704240;3;10;68;15
;;40 do 44 let;41870;816214;3;12;60;20
;;45 do 49 let;36848;944253;4;14;54;26
;;50 do 54 let;34128;1127042;5;18;55;33
;;55 do 59 let;26584;1049279;6;23;57;40
;;60 do 64 let;4916;233667;7;25;52;48
;;65 do 69 let;247;10371;3;11;27;42
;;70 in ve? let;32;802;1;4;15;25
;;Neznano;13;40;-;-;-;-
;Ženske;Starost-SKUPAJ;435650;6968883;5;18;113;16
;;15 do 19 let;276;2793;2;6;58;10
;;20 do 24 let;11736;158575;4;13;97;14
;;25 do 29 let;54516;739394;4;16;116;14
;;30 do 34 let;94237;1134388;5;18;152;12
;;35 do 39 let;86440;968792;4;16;144;11
;;40 do 44 let;66997;1012606;4;16;105;15
;;45 do 49 let;54426;1133770;5;18;87;21
;;50 do 54 let;47048;1242974;6;23;86;26
;;55 do 59 let;18358;523584;7;27;94;29
;;60 do 64 let;1474;48295;7;26;79;33
;;65 do 69 let;111;3094;4;15;52;28
;;70 in ve? let;22;575;4;14;55;26
;;Neznano;9;43;-;-;-;-
2010;Spol - SKUPAJ;Starost-SKUPAJ;729004;12808242;4;15;85;18
;;15 do 19 let;871;9416;2;5;50;11
;;20 do 24 let;25622;337126;3;10;73;13
;;25 do 29 let;87739;1153980;3;11;87;13
;;30 do 34 let;146300;1737962;4;13;110;12
;;35 do 39 let;136046;1648477;4;13;104;12
;;40 do 44 let;105768;1694310;4;13;82;16
;;45 do 49 let;92016;2034998;4;15;70;22
;;50 do 54 let;80619;2283566;5;20;69;28
;;55 do 59 let;46707;1608122;7;25;71;34
;;60 do 64 let;6877;288661;7;26;62;42
;;65 do 69 let;359;9557;3;9;35;27
;;70 in ve? let;59;1970;2;7;21;33
;;Neznano;21;97;-;-;-;-
;Moški;Starost-SKUPAJ;294406;6141037;4;13;62;21
;;15 do 19 let;656;7428;2;6;50;11
;;20 do 24 let;15585;204775;2;9;65;13
;;25 do 29 let;36848;484489;2;9;65;13
;;30 do 34 let;51505;662110;3;9;72;13
;;35 do 39 let;47798;699964;3;10;69;15
;;40 do 44 let;40216;776407;3;11;59;19
;;45 do 49 let;36694;947553;4;14;53;26
;;50 do 54 let;32980;1063887;5;17;54;32
;;55 do 59 let;26630;1043613;6;23;59;39
;;60 do 64 let;5202;241873;7;26;57;47
;;65 do 69 let;238;7285;2;9;28;31
;;70 in ve? let;48;1611;2;7;20;34
;;Neznano;6;42;-;-;-;-
;Ženske;Starost-SKUPAJ;434598;6667205;5;18;114;15
;;15 do 19 let;215;1988;1;5;49;9
;;20 do 24 let;10037;132351;3;12;90;13
;;25 do 29 let;50891;669491;4;15;114;13
;;30 do 34 let;94795;1075852;5;18;154;11
;;35 do 39 let;88248;948513;4;16;146;11
;;40 do 44 let;65552;917903;4;15;107;14
;;45 do 49 let;55322;1087445;5;17;87;20
;;50 do 54 let;47639;1219679;6;22;87;26
;;55 do 59 let;20077;564509;8;28;100;28
;;60 do 64 let;1675;46788;7;24;87;28
;;65 do 69 let;121;2272;3;12;64;19
;;70 in ve? let;11;359;3;10;31;33
;;Neznano;15;55;-;-;-;-
2011;Spol - SKUPAJ;Starost-SKUPAJ;734523;12539064;4;15;87;17
;;15 do 19 let;768;6953;1;4;47;9
;;20 do 24 let;24700;313240;3;10;78;13
;;25 do 29 let;84387;1101166;3;12;89;13
;;30 do 34 let;148802;1717380;4;13;114;12
;;35 do 39 let;143989;1648753;3;13;110;12
;;40 do 44 let;107970;1608787;4;13;85;15
;;45 do 49 let;93081;2002842;4;15;70;22
;;50 do 54 let;80191;2278639;5;20;69;28
;;55 do 59 let;44328;1583254;6;23;63;36
;;60 do 64 let;5901;263863;6;22;48;45
;;65 do 69 let;330;10502;2;9;27;32
;;70 in ve? let;76;3685;3;12;25;49
;;Neznano;-;-;-;-;-;-
;Moški;Starost-SKUPAJ;291123;5928524;3;13;62;20
;;15 do 19 let;587;5428;1;5;48;9
;;20 do 24 let;14835;191059;2;9;69;13
;;25 do 29 let;35313;463405;2;9;66;13
;;30 do 34 let;52059;662041;3;9;74;13
;;35 do 39 let;49816;689824;3;10;71;14
;;40 do 44 let;40761;728206;3;11;61;18
;;45 do 49 let;36569;905737;4;13;53;25
;;50 do 54 let;32335;1046997;5;17;53;32
;;55 do 59 let;24308;1013967;6;22;52;42
;;60 do 64 let;4256;210608;6;21;43;50
;;65 do 69 let;233;8322;2;8;23;36
;;70 in ve? let;51;2930;3;12;20;58
;;Neznano;-;-;-;-;-;-
;Ženske;Starost-SKUPAJ;443400;6610540;5;18;117;15
;;15 do 19 let;181;1525;1;4;43;8
;;20 do 24 let;9865;122181;3;12;97;12
;;25 do 29 let;49074;637761;4;15;119;13
;;30 do 34 let;96743;1055339;5;18;162;11
;;35 do 39 let;94173;958929;4;16;154;10
;;40 do 44 let;67209;880581;4;15;112;13
;;45 do 49 let;56512;1097105;5;17;89;19
;;50 do 54 let;47856;1231642;6;22;87;26
;;55 do 59 let;20020;569287;7;24;84;28
;;60 do 64 let;1645;53255;6;23;71;32
;;65 do 69 let;97;2180;3;9;42;23
;;70 in ve? let;25;755;4;14;45;30
;;Neznano;-;-;-;-;-;-
2012;Spol - SKUPAJ;Starost-SKUPAJ;723413;12354286;4;15;90;17
;;15 do 19 let;610;5776;1;4;42;10
;;20 do 24 let;20551;267425;3;10;75;13
;;25 do 29 let;77300;986527;3;11;88;13
;;30 do 34 let;145142;1644928;4;13;117;11
;;35 do 39 let;146190;1657646;4;13;114;11
;;40 do 44 let;107472;1570388;4;13;88;15
;;45 do 49 let;91935;1973102;4;15;72;22
;;50 do 54 let;80107;2272775;6;21;72;28
;;55 do 59 let;47267;1680149;8;29;80;36
;;60 do 64 let;6356;279952;8;28;63;44
;;65 do 69 let;412;12790;3;11;35;31
;;70 in ve? let;70;2825;3;12;29;40
;;Neznano;1;3;-;-;-;-
;Moški;Starost-SKUPAJ;282205;5836611;4;13;64;21
;;15 do 19 let;431;4266;1;4;40;10
;;20 do 24 let;12592;164773;2;9;68;13
;;25 do 29 let;32060;418984;2;8;64;13
;;30 do 34 let;50226;619443;3;9;74;12
;;35 do 39 let;50189;690062;3;10;73;14
;;40 do 44 let;39560;713162;3;11;62;18
;;45 do 49 let;35608;898030;4;14;54;25
;;50 do 54 let;31943;1056745;5;18;55;33
;;55 do 59 let;24691;1022183;7;27;65;41
;;60 do 64 let;4580;237102;8;30;58;52
;;65 do 69 let;272;9356;3;10;30;34
;;70 in ve? let;52;2502;4;14;28;48
;;Neznano;1;3;-;-;-;-
;Ženske;Starost-SKUPAJ;441208;6517675;5;18;123;15
;;15 do 19 let;179;1510;1;4;48;8
;;20 do 24 let;7959;102652;3;12;93;13
;;25 do 29 let;45240;567543;4;15;120;13
;;30 do 34 let;94916;1025485;5;18;168;11
;;35 do 39 let;96001;967584;4;16;161;10
;;40 do 44 let;67912;857226;4;15;118;13
;;45 do 49 let;56327;1075072;5;17;91;19
;;50 do 54 let;48164;1216030;6;23;91;25
;;55 do 59 let;22576;657966;9;31;107;29
;;60 do 64 let;1776;42850;5;20;82;24
;;65 do 69 let;140;3434;4;13;54;25
;;70 in ve? let;18;323;2;6;32;18
;;Neznano;-;-;-;-;-;-
2013;Spol - SKUPAJ;Starost-SKUPAJ;755475;11880378;4;15;95;16
;;15 do 19 let;478;4970;1;4;37;10
;;20 do 24 let;17453;209718;2;9;73;12
;;25 do 29 let;76245;914519;3;11;92;12
;;30 do 34 let;148208;1572530;4;13;124;11
;;35 do 39 let;159447;1655391;4;13;124;10
;;40 do 44 let;116936;1592609;4;13;96;14
;;45 do 49 let;95352;1868794;4;15;76;20
;;50 do 54 let;84135;2229530;5;20;74;27
;;55 do 59 let;49872;1537062;6;23;76;31
;;60 do 64 let;6827;271185;6;23;59;40
;;65 do 69 let;478;21886;4;16;34;46
;;70 in ve? let;44;2184;3;9;18;50
;;Neznano;-;-;-;-;-;-
;Moški;Starost-SKUPAJ;287453;5543597;4;13;66;19
;;15 do 19 let;325;3621;1;4;35;11
;;20 do 24 let;10864;133885;2;8;65;12
;;25 do 29 let;32014;394760;2;8;67;12
;;30 do 34 let;50689;598354;3;9;77;12
;;35 do 39 let;53538;671200;3;10;78;13
;;40 do 44 let;41650;715753;3;11;65;17
;;45 do 49 let;36187;857057;4;13;56;24
;;50 do 54 let;32667;1027263;5;18;56;31
;;55 do 59 let;24274;902104;6;23;61;37
;;60 do 64 let;4912;220138;7;24;54;45
;;65 do 69 let;313;18169;5;17;29;58
;;70 in ve? let;20;1293;2;7;11;65
;;Neznano;-;-;-;-;-;-
;Ženske;Starost-SKUPAJ;468022;6336781;5;18;131;14
;;15 do 19 let;153;1349;1;4;42;9
;;20 do 24 let;6589;75833;3;11;91;12
;;25 do 29 let;44231;519759;4;15;126;12
;;30 do 34 let;97519;974176;5;18;179;10
;;35 do 39 let;105909;984191;5;17;178;9
;;40 do 44 let;75286;876856;4;15;131;12
;;45 do 49 let;59165;1011737;5;17;97;17
;;50 do 54 let;51468;1202267;6;22;93;23
;;55 do 59 let;25598;634958;7;25;100;25
;;60 do 64 let;1915;51047;6;20;75;27
;;65 do 69 let;165;3717;3;12;53;23
;;70 in ve? let;24;891;4;16;42;37
;;Neznano;-;-;-;-;-;-
2014;Spol - SKUPAJ;Starost-SKUPAJ;739708;11069174;4;14;91;15
;;15 do 19 let;586;5685;1;3;35;10
;;20 do 24 let;16230;191080;2;8;66;12
;;25 do 29 let;70437;839608;3;10;86;12
;;30 do 34 let;141598;1455998;3;12;121;10
;;35 do 39 let;160522;1558560;3;12;124;10
;;40 do 44 let;117116;1432714;3;12;95;12
;;45 do 49 let;91718;1689113;4;14;73;18
;;50 do 54 let;80061;1979288;5;17;69;25
;;55 do 59 let;52595;1599638;6;22;72;30
;;60 do 64 let;8280;297833;6;21;59;36
;;65 do 69 let;521;15333;3;10;34;29
;;70 in ve? let;44;4324;5;18;18;98
;;Neznano;-;-;-;-;-;-
;Moški;Starost-SKUPAJ;278672;5081855;3;11;62;18
;;15 do 19 let;433;4056;1;3;34;9
;;20 do 24 let;10440;122316;2;7;59;12
;;25 do 29 let;29950;373029;2;8;63;13
;;30 do 34 let;47624;547607;2;9;74;12
;;35 do 39 let;53233;626557;3;9;76;12
;;40 do 44 let;41810;632120;3;10;64;15
;;45 do 49 let;34789;753259;3;12;53;22
;;50 do 54 let;30427;876069;4;15;51;29
;;55 do 59 let;24151;900939;6;21;57;37
;;60 do 64 let;5439;229850;6;22;51;42
;;65 do 69 let;355;11943;3;10;29;34
;;70 in ve? let;21;4110;6;22;11;196
;;Neznano;-;-;-;-;-;-
;Ženske;Starost-SKUPAJ;461036;5987319;5;17;127;13
;;15 do 19 let;153;1629;1;4;38;11
;;20 do 24 let;5790;68764;3;10;81;12
;;25 do 29 let;40487;466579;4;14;118;12
;;30 do 34 let;93974;908391;5;17;177;10
;;35 do 39 let;107289;932003;4;16;179;9
;;40 do 44 let;75306;800594;4;14;131;11
;;45 do 49 let;56929;935854;4;16;95;16
;;50 do 54 let;49634;1103219;5;20;88;22
;;55 do 59 let;28444;698699;6;23;94;25
;;60 do 64 let;2841;67983;5;20;83;24
;;65 do 69 let;166;3390;3;10;49;20
;;70 in ve? let;23;214;1;4;39;9
;;Neznano;-;-;-;-;-;-
2015;Spol - SKUPAJ;Starost-SKUPAJ;859615;11909927;4;15;105;14
;;15 do 19 let;824;7558;1;4;43;9
;;20 do 24 let;18840;212209;2;8;71;11
;;25 do 29 let;77016;873810;3;11;94;11
;;30 do 34 let;156053;1497891;4;13;136;10
;;35 do 39 let;186861;1702416;4;13;143;9
;;40 do 44 let;142842;1548059;3;12;113;11
;;45 do 49 let;105003;1740097;4;14;85;17
;;50 do 54 let;93736;2100824;5;18;78;22
;;55 do 59 let;65504;1805364;6;23;84;28
;;60 do 64 let;12061;395535;6;24;72;33
;;65 do 69 let;811;23989;4;13;44;30
;;70 in ve? let;62;2110;2;8;23;34
;;Neznano;2;65;-;-;-;-
;Moški;Starost-SKUPAJ;320495;5433636;3;12;71;17
;;15 do 19 let;619;5842;1;4;43;9
;;20 do 24 let;11989;136193;2;7;64;11
;;25 do 29 let;33454;389418;2;8;70;12
;;30 do 34 let;53322;555807;2;9;84;10
;;35 do 39 let;61182;685220;3;10;86;11
;;40 do 44 let;49698;684850;3;10;74;14
;;45 do 49 let;39265;779269;3;12;61;20
;;50 do 54 let;35164;949110;4;15;57;27
;;55 do 59 let;27755;934670;6;21;63;34
;;60 do 64 let;7431;293413;7;24;61;40
;;65 do 69 let;593;18807;4;13;41;32
;;70 in ve? let;23;1037;1;5;11;45
;;Neznano;-;-;-;-;-;-
;Ženske;Starost-SKUPAJ;539120;6476291;5;18;146;12
;;15 do 19 let;205;1716;1;4;46;8
;;20 do 24 let;6851;76016;3;10;87;11
;;25 do 29 let;43562;484392;4;14;126;11
;;30 do 34 let;102731;942084;5;18;199;9
;;35 do 39 let;125679;1017196;5;17;209;8
;;40 do 44 let;93144;863209;4;15;158;9
;;45 do 49 let;65738;960828;5;16;112;15
;;50 do 54 let;58572;1151714;5;20;101;20
;;55 do 59 let;37749;870694;7;26;111;23
;;60 do 64 let;4630;102122;6;22;100;22
;;65 do 69 let;218;5182;4;13;54;24
;;70 in ve? let;39;1073;5;17;63;28
;;Neznano;2;65;-;-;-;-
2016;Spol - SKUPAJ;Starost-SKUPAJ;839533;12279198;4;15;99;15
;;15 do 19 let;1051;9306;1;4;46;9
;;20 do 24 let;21904;241182;2;8;74;11
;;25 do 29 let;78366;885696;3;11;93;11
;;30 do 34 let;147267;1483013;4;13;129;10
;;35 do 39 let;180052;1686847;4;13;136;9
;;40 do 44 let;140423;1620427;3;12;108;12
;;45 do 49 let;99333;1689969;4;14;81;17
;;50 do 54 let;90366;2192580;5;18;73;24
;;55 do 59 let;66168;1960894;6;23;77;30
;;60 do 64 let;13693;475104;6;23;66;35
;;65 do 69 let;839;30992;3;12;33;37
;;70 in ve? let;64;2673;1;4;10;42
;;Neznano;-;-;-;-;-;-
;Moški;Starost-SKUPAJ;310933;5524964;3;12;67;18
;;15 do 19 let;756;7040;1;4;44;9
;;20 do 24 let;13711;150885;2;7;67;11
;;25 do 29 let;33500;385353;2;8;69;12
;;30 do 34 let;49739;550422;2;9;79;11
;;35 do 39 let;59270;680304;3;9;82;12
;;40 do 44 let;48122;700549;3;10;69;15
;;45 do 49 let;37249;762971;3;12;58;21
;;50 do 54 let;33644;945437;4;15;53;28
;;55 do 59 let;26679;992710;6;21;57;37
;;60 do 64 let;7637;321936;6;23;53;42
;;65 do 69 let;580;24534;4;13;31;42
;;70 in ve? let;41;2315;1;5;8;57
;;Neznano;-;-;-;-;-;-
;Ženske;Starost-SKUPAJ;528600;6754234;5;18;138;13
;;15 do 19 let;295;2266;1;4;53;8
;;20 do 24 let;8193;90297;3;10;90;11
;;25 do 29 let;44866;500343;4;14;125;11
;;30 do 34 let;97528;932591;5;18;190;10
;;35 do 39 let;120782;1006543;5;17;199;8
;;40 do 44 let;92301;919878;4;15;152;10
;;45 do 49 let;62084;926998;4;16;106;15
;;50 do 54 let;56722;1247143;6;21;95;22
;;55 do 59 let;39489;968184;7;25;101;25
;;60 do 64 let;6056;153168;6;23;92;25
;;65 do 69 let;259;6458;3;10;41;25
;;70 in ve? let;23;358;1;2;16;16
;;Neznano;-;-;-;-;-;-
2017;Spol - SKUPAJ;Starost-SKUPAJ;920812;13322969;4;15;106;15
;;15 do 19 let;1476;13223;1;5;52;9
;;20 do 24 let;27536;301850;2;9;80;11
;;25 do 29 let;83677;895419;3;11;99;11
;;30 do 34 let;155761;1506437;4;13;137;10
;;35 do 39 let;193543;1767181;4;13;146;9
;;40 do 44 let;156882;1711517;4;13;119;11
;;45 do 49 let;109209;1810836;4;15;89;17
;;50 do 54 let;98305;2341524;5;19;79;24
;;55 do 59 let;75041;2303127;7;25;81;31
;;60 do 64 let;17986;620923;7;25;73;35
;;65 do 69 let;1304;45569;4;15;42;35
;;70 in ve? let;86;5068;2;7;12;59
;;Neznano;-;-;-;-;-;-
;Moški;Starost-SKUPAJ;338161;5917933;3;12;71;18
;;15 do 19 let;1082;9974;1;5;51;9
;;20 do 24 let;16643;182008;2;8;71;11
;;25 do 29 let;34355;384178;2;8;71;11
;;30 do 34 let;52755;567569;3;9;85;11
;;35 do 39 let;63493;716629;3;10;88;11
;;40 do 44 let;53157;756226;3;11;76;14
;;45 do 49 let;40484;819627;4;13;62;20
;;50 do 54 let;36502;997308;4;16;57;27
;;55 do 59 let;29602;1069112;6;22;60;36
;;60 do 64 let;9183;376652;6;23;57;41
;;65 do 69 let;848;34861;4;15;37;41
;;70 in ve? let;53;3661;2;7;10;69
;;Neznano;-;-;-;-;-;-
;Ženske;Starost-SKUPAJ;582651;7405036;5;19;148;13
;;15 do 19 let;394;3249;1;5;56;8
;;20 do 24 let;10893;119842;3;11;101;11
;;25 do 29 let;49322;511241;4;14;136;10
;;30 do 34 let;103006;938868;5;18;200;9
;;35 do 39 let;130050;1050552;5;17;216;8
;;40 do 44 let;103725;955291;4;16;169;9
;;45 do 49 let;68725;991209;5;17;118;14
;;50 do 54 let;61803;1344216;6;22;101;22
;;55 do 59 let;45439;1234015;8;29;105;27
;;60 do 64 let;8803;244271;8;28;102;28
;;65 do 69 let;456;10708;4;13;57;24
;;70 in ve? let;33;1407;2;8;18;43
;;Neznano;-;-;-;-;-;-
2018;Spol - SKUPAJ;Starost-SKUPAJ;990027;14780930;5;17;110;15
;;15 do 19 let;1783;16525;1;5;53;9
;;20 do 24 let;33099;355616;3;9;84;11
;;25 do 29 let;90469;983707;3;11;105;11
;;30 do 34 let;168525;1616815;4;14;146;10
;;35 do 39 let;202134;1896015;4;14;152;9
;;40 do 44 let;167739;1860864;4;14;124;11
;;45 do 49 let;115513;1962465;4;16;92;17
;;50 do 54 let;103951;2555020;6;20;82;25
;;55 do 59 let;83281;2612474;7;27;85;31
;;60 do 64 let;21758;842089;8;29;75;39
;;65 do 69 let;1639;68210;5;19;44;42
;;70 in ve? let;136;11130;3;13;15;82
;;Neznano;-;-;-;-;-;-
;Moški;Starost-SKUPAJ;362945;6541156;4;13;73;18
;;15 do 19 let;1203;11726;1;5;48;10
;;20 do 24 let;19416;210465;2;8;71;11
;;25 do 29 let;36567;419042;2;8;73;12
;;30 do 34 let;56515;612762;3;10;88;11
;;35 do 39 let;65461;746706;3;10;90;11
;;40 do 44 let;57732;808008;3;11;79;14
;;45 do 49 let;42958;876301;4;13;64;20
;;50 do 54 let;39028;1099768;5;17;60;28
;;55 do 59 let;32304;1211573;6;23;62;38
;;60 do 64 let;10556;482349;7;26;58;46
;;65 do 69 let;1116;52694;5;19;40;47
;;70 in ve? let;89;9762;4;15;13;110
;;Neznano;-;-;-;-;-;-
;Ženske;Starost-SKUPAJ;627082;8239774;6;20;155;13
;;15 do 19 let;580;4799;2;6;70;8
;;20 do 24 let;13683;145151;3;12;115;11
;;25 do 29 let;53902;564665;4;16;148;11
;;30 do 34 let;112010;1004053;5;19;216;9
;;35 do 39 let;136673;1149309;5;19;226;8
;;40 do 44 let;110007;1052856;5;17;175;10
;;45 do 49 let;72555;1086164;5;18;122;15
;;50 do 54 let;64923;1455252;7;24;106;22
;;55 do 59 let;50977;1400901;8;30;110;28
;;60 do 64 let;11202;359740;9;34;105;32
;;65 do 69 let;523;15516;5;17;56;30
;;70 in ve? let;47;1368;2;6;21;29
;;Neznano;-;-;-;-;-;-
;;;;;;;;
"Povezane vsebine:
- <A class=seznam HREF=/docs/3_3f_BS_2018.pdf target=_blank>Metodološka pojasnila</A>
";;;;;;;;
;;;;;;;;
Zadnja posodobitev:;;;;;;;;
20190515 09:00;;;;;;;;
;;;;;;;;
Vir podatkov:;;;;;;;;
NIJZ;;;;;;;;
;;;;;;;;
Kontakt:;;;;;;;;
Blaženka Jeren, NIJZ;;;;;;;;
+386 (01) 2441 501;;;;;;;;
<a href='mailto:blazenka.jeren@nijz.si'>blazenka.jeren@nijz.si</a>;;;;;;;;
;;;;;;;;
Avtorske pravice;;;;;;;;
;;;;;;;;
Enote:;;;;;;;;
Primeri;;;;;;;;
;;;;;;;;
;;;;;;;;
;;;;;;;;
;;;;;;;;
;;;;;;;;
;;;;;;;;
;;;;;;;;
;;;;;;;;
Zbirka podatkov:;;;;;;;;
NIJZ 3 - Evidenca za?asne odsotnosti z dela zaradi bolezni, poškodb in drugih vzrokov (BS);;;;;;;;
;;;;;;;;
Kratko ime:;;;;;;;;
10700007;;;;;;;;
